City_ID,City,Lat,Lng,Max Temp,Humidity,Cloudiness,Wind Speed,Country,Date
0,Sainte-Marie,-20.8968,55.5496,75.33,67,100,13.8,RE,2022-12-05 22:22:17
1,Clyde River,70.4692,-68.5914,14.23,92,100,6.91,CA,2022-12-05 22:22:17
2,Ushuaia,-54.8,-68.3,44.26,53,40,20.71,AR,2022-12-05 22:22:18
3,Mataura,-46.1927,168.8643,50.49,90,97,3.51,NZ,2022-12-05 22:22:18
4,Katsuura,35.1333,140.3,44.62,95,100,20.13,JP,2022-12-05 22:22:18
5,East London,-33.0153,27.9116,60.28,85,4,11.05,ZA,2022-12-05 22:22:15
6,Esperance,-33.8667,121.9,60.93,81,100,5.01,AU,2022-12-05 22:22:19
7,Sestri Levante,44.2732,9.3968,53.06,89,15,5.01,IT,2022-12-05 22:22:19
8,New Norfolk,-42.7826,147.0587,55.92,58,93,4.0,AU,2022-12-05 22:22:20
9,Qaanaaq,77.484,-69.3632,33.39,87,100,16.82,GL,2022-12-05 22:20:48
10,Strezhevoy,60.7333,77.5889,7.32,96,98,7.72,RU,2022-12-05 22:22:20
11,Port Lincoln,-34.7333,135.8667,60.85,66,100,14.0,AU,2022-12-05 22:22:21
12,Balykshi,47.0667,51.8667,17.6,79,75,4.47,KZ,2022-12-05 22:22:21
13,Port Blair,11.6667,92.75,80.85,83,99,20.8,IN,2022-12-05 22:22:22
14,Castro,-24.7911,-50.0119,66.97,95,61,3.31,BR,2022-12-05 22:22:22
15,Torbay,47.6666,-52.7314,39.27,96,100,0.0,CA,2022-12-05 22:20:26
16,Barrow,71.2906,-156.7887,28.42,64,0,29.93,US,2022-12-05 22:22:22
17,Vaini,-21.2,-175.2,82.56,83,75,11.5,TO,2022-12-05 22:22:23
18,Rikitea,-23.1203,-134.9692,75.61,81,95,13.94,PF,2022-12-05 22:22:23
19,Taltal,-25.4,-70.4833,67.71,69,23,5.66,CL,2022-12-05 22:22:24
20,Trinidad,-14.8333,-64.9,78.78,73,75,4.61,BO,2022-12-05 22:22:24
21,Hithadhoo,-0.6,73.0833,81.07,77,98,8.59,MV,2022-12-05 22:21:28
22,Tasiilaq,65.6145,-37.6368,24.96,62,27,6.31,GL,2022-12-05 22:19:55
23,Nerchinskiy Zavod,51.3088,119.61,-1.89,96,100,4.76,RU,2022-12-05 22:22:25
24,Rio Grande,-32.035,-52.0986,77.11,82,0,10.49,BR,2022-12-05 22:22:25
25,Nanortalik,60.1432,-45.2371,33.42,77,96,14.18,GL,2022-12-05 22:22:26
26,Srednekolymsk,67.45,153.6833,-34.01,99,100,2.8,RU,2022-12-05 22:22:26
27,Calabozo,8.9242,-67.4293,83.16,53,66,1.83,VE,2022-12-05 22:22:26
28,Banjar,-8.19,114.9675,77.23,83,100,2.62,ID,2022-12-05 22:22:27
29,Punta Arenas,-53.15,-70.9167,48.31,43,75,19.57,CL,2022-12-05 22:22:27
30,Codrington,-38.2667,141.9667,57.52,64,12,11.01,AU,2022-12-05 22:22:27
31,Chokurdakh,70.6333,147.9167,-36.06,99,37,7.25,RU,2022-12-05 22:22:28
32,Vila Velha,-20.3297,-40.2925,75.15,87,0,11.5,BR,2022-12-05 22:18:12
33,Chicama,-7.8447,-79.1469,70.34,65,7,9.51,PE,2022-12-05 22:22:28
34,Nikolskoye,59.7035,30.7861,21.09,93,100,7.56,RU,2022-12-05 22:20:38
35,Saint-Philippe,-21.3585,55.7679,72.99,79,99,9.89,RE,2022-12-05 22:22:29
36,Whyalla,-33.0333,137.5833,68.09,47,100,4.65,AU,2022-12-05 22:22:30
37,Harper,4.375,-7.7169,78.37,85,75,6.29,LR,2022-12-05 22:22:30
38,Yazd,31.8972,54.3675,39.31,60,0,4.61,IR,2022-12-05 22:22:31
39,Georgetown,5.4112,100.3354,81.23,90,20,3.44,MY,2022-12-05 22:20:12
40,Hermanus,-34.4187,19.2345,54.81,68,99,4.32,ZA,2022-12-05 22:22:31
41,Hobart,-42.8794,147.3294,56.26,63,75,11.5,AU,2022-12-05 22:22:04
42,Constitucion,-35.3333,-72.4167,63.5,65,6,16.71,CL,2022-12-05 22:22:32
43,Jamestown,42.097,-79.2353,45.99,30,0,8.05,US,2022-12-05 22:20:00
44,Geraldton,-28.7667,114.6,66.61,82,40,10.36,AU,2022-12-05 22:23:32
45,Albany,42.6001,-73.9662,41.41,50,100,1.01,US,2022-12-05 22:18:58
46,Provideniya,64.3833,-173.3,32.36,80,100,31.32,RU,2022-12-05 22:23:33
47,Kodiak,57.79,-152.4072,40.51,87,0,9.22,US,2022-12-05 22:23:34
48,Suleja,9.1758,7.1808,76.19,14,58,9.48,NG,2022-12-05 22:23:34
49,Khatanga,71.9667,102.5,-27.81,100,18,4.59,RU,2022-12-05 22:23:34
50,Avera,33.194,-82.5271,51.39,96,100,6.24,US,2022-12-05 22:23:35
51,Mahebourg,-20.4081,57.7,75.49,88,75,10.36,MU,2022-12-05 22:22:29
52,Cidreira,-30.1811,-50.2056,71.98,90,97,9.53,BR,2022-12-05 22:23:35
53,Puerto Ayora,-0.7393,-90.3518,76.96,89,52,5.99,EC,2022-12-05 22:22:34
54,Lilongwe,-13.9669,33.7873,72.63,67,84,1.14,MW,2022-12-05 22:23:36
55,Soyo,-6.1349,12.3689,78.64,88,96,8.12,AO,2022-12-05 22:23:36
56,Saskylakh,71.9167,114.0833,-11.97,89,100,19.73,RU,2022-12-05 22:20:25
57,Neftcala,39.3742,49.2472,43.0,71,99,9.55,AZ,2022-12-05 22:23:37
58,Pevek,69.7008,170.3133,-20.76,82,20,3.44,RU,2022-12-05 22:23:37
59,Okhotsk,59.3833,143.3,-22.29,82,65,10.6,RU,2022-12-05 22:23:38
60,Kieta,-6.2167,155.6333,82.06,75,96,2.55,PG,2022-12-05 22:23:38
61,Killybegs,54.6333,-8.45,39.87,84,26,9.55,IE,2022-12-05 22:23:38
62,Bethel,41.3712,-73.414,43.56,55,0,0.0,US,2022-12-05 22:23:39
63,Cherskiy,68.75,161.3,-13.68,88,100,6.33,RU,2022-12-05 22:23:39
64,Bluff,-46.6,168.3333,50.81,62,72,9.35,NZ,2022-12-05 22:23:39
65,Alice Springs,-23.7,133.8833,89.15,13,2,6.91,AU,2022-12-05 22:23:40
66,Balkhash,46.844,74.9804,1.22,85,3,7.76,KZ,2022-12-05 22:23:40
67,Butaritari,3.0707,172.7902,80.92,80,99,15.48,KI,2022-12-05 22:22:53
68,Aranos,-24.1333,19.1167,70.84,12,2,3.98,NA,2022-12-05 22:23:41
69,San Cristobal,7.7669,-72.225,69.98,92,60,3.65,VE,2022-12-05 22:23:41
70,Makakilo City,21.3469,-158.0858,80.92,62,20,10.36,US,2022-12-05 22:23:42
71,Alugan,12.2188,125.4808,79.05,78,100,8.25,PH,2022-12-05 22:23:42
72,Dingle,10.9995,122.6711,73.15,93,35,7.61,PH,2022-12-05 22:21:32
73,Araouane,18.9048,-3.5265,79.48,17,97,4.68,ML,2022-12-05 22:23:42
74,Kavaratti,10.5669,72.642,81.3,73,57,1.66,IN,2022-12-05 22:23:43
75,Vagur,61.4732,-6.8119,41.34,63,56,26.6,FO,2022-12-05 22:19:14
76,Shubarkuduk,49.1447,56.4872,7.41,96,46,5.95,KZ,2022-12-05 22:23:43
77,Mar Del Plata,-38.0023,-57.5575,84.83,79,0,20.0,AR,2022-12-05 22:20:44
78,Busselton,-33.65,115.3333,57.04,71,0,11.43,AU,2022-12-05 22:18:59
79,Kaitangata,-46.2817,169.8464,48.58,87,100,6.06,NZ,2022-12-05 22:22:55
80,Kuytun,54.3419,101.5036,12.99,63,100,17.47,RU,2022-12-05 22:23:44
81,Caravelas,-17.7125,-39.2481,72.59,85,100,5.93,BR,2022-12-05 22:23:44
82,Berga,60.392,5.328,35.15,97,75,5.75,NO,2022-12-05 22:23:45
83,Aykhal,66.0,111.5,-11.69,97,100,16.24,RU,2022-12-05 22:23:45
84,Fenoarivo,-18.933,47.4354,64.47,82,75,6.91,MG,2022-12-05 22:23:46
85,Muyezerskiy,63.9333,31.65,23.45,90,100,14.41,RU,2022-12-05 22:23:46
86,Port Hardy,50.6996,-127.4199,35.78,93,75,3.44,CA,2022-12-05 22:23:46
87,Bima,-8.4667,118.7167,75.52,90,97,3.67,ID,2022-12-05 22:23:47
88,Holme,56.1138,10.1725,36.97,94,100,10.11,DK,2022-12-05 22:23:47
89,Rocha,-34.4833,-54.3333,71.6,62,0,9.37,UY,2022-12-05 22:24:48
90,Hamilton,39.1834,-84.5333,47.25,59,100,13.8,US,2022-12-05 22:24:46
91,Kasongo-Lunda,-6.4667,16.8167,68.67,95,94,1.05,CD,2022-12-05 22:24:48
92,Fortuna,40.5982,-124.1573,54.93,77,100,1.01,US,2022-12-05 22:24:48
93,Tuktoyaktuk,69.4541,-133.0374,-14.8,64,75,23.02,CA,2022-12-05 22:24:49
94,Prince Rupert,54.3161,-130.3201,37.09,74,100,8.05,CA,2022-12-05 22:24:49
95,Meadow Lake,34.8014,-106.5436,62.62,49,18,16.49,US,2022-12-05 22:24:50
96,Mbanza-Ngungu,-5.25,14.8667,70.16,86,99,1.41,CD,2022-12-05 22:24:50
97,Yellowknife,62.456,-114.3525,-24.45,68,20,10.36,CA,2022-12-05 22:20:49
98,Atuona,-9.8,-139.0333,77.54,74,91,15.66,PF,2022-12-05 22:21:00
99,Alakurtti,66.9672,30.3491,31.57,94,100,8.5,RU,2022-12-05 22:24:51
100,Margate,51.3813,1.3862,45.7,85,100,5.01,GB,2022-12-05 22:24:51
101,Yavaros,26.7,-109.5167,81.45,56,100,13.42,MX,2022-12-05 22:24:51
102,Nishihara,26.1842,127.7558,65.48,91,100,17.27,JP,2022-12-05 22:24:52
103,Palmer,42.1584,-72.3287,42.24,64,75,3.44,US,2022-12-05 22:24:52
104,Macklin,52.3334,-109.9348,-0.06,95,100,4.54,CA,2022-12-05 22:24:52
105,Whitecourt,54.1502,-115.6855,2.44,60,75,14.97,CA,2022-12-05 22:24:53
106,Atar,20.5169,-13.0499,76.14,18,11,5.39,MR,2022-12-05 22:24:53
107,Bandarbeyla,9.4942,50.8122,77.2,73,28,18.68,SO,2022-12-05 22:24:54
108,Kavieng,-2.5744,150.7967,81.79,77,95,5.1,PG,2022-12-05 22:21:00
109,Cabo San Lucas,22.8909,-109.9124,84.61,59,0,5.75,MX,2022-12-05 22:22:52
110,Dikson,73.5069,80.5464,22.77,96,100,13.04,RU,2022-12-05 22:24:54
111,Xam Nua,20.4197,104.0439,56.1,92,97,2.3,LA,2022-12-05 22:24:55
112,Cape Town,-33.9258,18.4232,63.1,69,0,13.8,ZA,2022-12-05 22:24:55
113,Kapaa,22.0752,-159.319,80.92,85,100,11.5,US,2022-12-05 22:23:17
114,Yunhe,34.0833,119.7167,34.0,61,0,3.13,CN,2022-12-05 22:24:56
115,Lebu,-37.6167,-73.65,62.78,72,1,5.28,CL,2022-12-05 22:24:56
116,Sitka,57.0531,-135.33,39.09,75,100,5.75,US,2022-12-05 22:24:56
117,Korla,41.7597,86.1469,22.46,41,58,4.59,CN,2022-12-05 22:24:57
118,Akureyri,65.6835,-18.0878,24.73,86,0,3.44,IS,2022-12-05 22:24:57
119,Coxim,-18.5067,-54.76,80.28,72,98,5.66,BR,2022-12-05 22:24:58
120,Orechov,49.1112,16.5233,41.81,98,100,3.44,CZ,2022-12-05 22:24:58
121,Port Hawkesbury,45.6169,-61.3485,32.59,77,0,4.61,CA,2022-12-05 22:24:58
122,Lavrentiya,65.5833,-171.0,29.97,87,100,26.19,RU,2022-12-05 22:24:59
123,Villa Maria,-32.4075,-63.2402,96.82,17,0,13.76,AR,2022-12-05 22:20:28
124,Carnarvon,-24.8667,113.6333,69.51,73,73,15.9,AU,2022-12-05 22:24:59
125,Mbandaka,0.0487,18.2603,70.77,95,89,3.18,CD,2022-12-05 22:25:00
126,Puerto Leguizamo,-0.1934,-74.7819,86.16,56,93,0.4,CO,2022-12-05 22:25:00
127,Port Alfred,-33.5906,26.891,58.17,94,0,1.99,ZA,2022-12-05 22:25:01
128,Ilulissat,69.2167,-51.1,41.02,56,100,4.61,GL,2022-12-05 22:22:55
129,Varberg,57.1056,12.2508,35.24,90,93,7.9,SE,2022-12-05 22:25:01
130,Pemagatsel,27.0319,91.4266,43.34,55,0,5.97,BT,2022-12-05 22:25:02
131,Providencia,28.7167,-111.5833,80.2,51,53,8.79,MX,2022-12-05 22:23:52
132,Carbonia,39.1672,8.5222,53.01,69,100,5.61,IT,2022-12-05 22:24:01
133,Lukang,24.0567,120.4352,67.44,81,58,23.73,TW,2022-12-05 22:25:02
134,Mayo,38.8876,-76.5119,47.5,64,0,3.44,US,2022-12-05 22:23:01
135,Boyolangu,-8.1181,111.8935,75.06,90,100,1.1,ID,2022-12-05 22:25:03
136,Nabire,-3.3667,135.4833,76.95,75,97,4.54,ID,2022-12-05 22:25:10
137,Matara,5.9485,80.5353,74.82,88,100,2.3,LK,2022-12-05 22:26:03
138,Saint George,37.1041,-113.5841,60.44,53,0,4.0,US,2022-12-05 22:22:00
139,Hasaki,35.7333,140.8333,42.22,86,100,26.31,JP,2022-12-05 22:26:04
140,Kahului,20.8947,-156.47,82.42,68,20,16.11,US,2022-12-05 22:26:04
141,Singaparna,-7.3515,108.111,70.88,95,100,0.94,ID,2022-12-05 22:26:05
142,Oranjemund,-28.55,16.4333,60.37,83,81,13.38,NA,2022-12-05 22:26:05
143,Solnechnyy,50.7214,136.6319,-3.23,90,81,4.54,RU,2022-12-05 22:22:57
144,Rantepao,-2.9701,119.8978,67.23,97,100,1.5,ID,2022-12-05 22:26:06
145,Palencia,42.4167,-4.5,44.92,99,100,3.27,ES,2022-12-05 22:26:06
146,Svobodnyy,51.4,128.1333,-4.45,95,100,3.44,RU,2022-12-05 22:26:07
147,Loandjili,-4.7561,11.8578,77.34,92,95,3.15,CG,2022-12-05 22:26:07
148,Pauini,-7.7136,-66.9764,83.19,63,98,1.99,BR,2022-12-05 22:26:07
149,Bredasdorp,-34.5322,20.0403,58.53,68,100,2.04,ZA,2022-12-05 22:26:08
150,Brokopondo,4.75,-55.1667,79.72,73,69,2.08,SR,2022-12-05 22:26:08
151,Bonfim,3.0833,-59.95,81.27,69,89,1.88,BR,2022-12-05 22:26:09
152,Punta Alta,-38.8759,-62.0736,93.97,24,20,17.27,AR,2022-12-05 22:26:09
153,Emerald,-23.5333,148.1667,80.35,57,0,8.81,AU,2022-12-05 22:26:09
154,Yumen,40.2833,97.2,15.06,88,100,3.06,CN,2022-12-05 22:26:10
155,Weatherford,32.7593,-97.7972,81.23,53,24,1.01,US,2022-12-05 22:24:49
156,Thompson,55.7435,-97.8558,-20.04,69,20,6.91,CA,2022-12-05 22:23:33
157,Bosaso,11.2842,49.1816,74.08,72,21,3.33,SO,2022-12-05 22:26:10
158,Innisfail,-17.5333,146.0333,78.87,58,0,2.01,AU,2022-12-05 22:22:03
159,Dhekiajuli,26.7,92.5,58.35,72,0,4.92,IN,2022-12-05 22:26:11
160,Kruisfontein,-34.0033,24.7314,56.88,91,3,7.7,ZA,2022-12-05 22:22:45
161,Baykit,61.67,96.37,0.7,97,92,5.46,RU,2022-12-05 22:26:12
162,Tiksi,71.6872,128.8694,-12.17,96,100,11.39,RU,2022-12-05 22:23:14
163,Marawi,7.9986,124.2928,66.92,93,73,1.86,PH,2022-12-05 22:26:12
164,Helong,42.5397,128.9972,12.88,60,0,9.46,CN,2022-12-05 22:26:12
165,Saint-Joseph,-21.3667,55.6167,71.98,78,100,10.31,RE,2022-12-05 22:26:13
166,Hilo,19.7297,-155.09,81.28,78,100,9.22,US,2022-12-05 22:23:41
167,Rio Branco,-9.9747,-67.81,72.21,94,75,4.61,BR,2022-12-05 22:22:05
168,Buluang,13.3068,123.3425,74.05,93,98,3.18,PH,2022-12-05 22:26:14
169,Grootfontein,-19.5667,18.1167,76.57,31,4,5.75,NA,2022-12-05 22:26:14
170,Narsaq,60.9167,-46.05,43.02,71,77,10.85,GL,2022-12-05 22:26:14
171,Puerto Carreno,6.189,-67.4859,85.98,62,0,6.91,CO,2022-12-05 22:26:15
172,Villamontes,-21.25,-63.5,96.04,18,9,6.35,BO,2022-12-05 22:26:15
173,Manicore,-5.8092,-61.3003,77.65,90,80,1.97,BR,2022-12-05 22:26:16
174,Willowmore,-33.2926,23.4895,55.45,66,86,4.52,ZA,2022-12-05 22:26:16
175,Mont-De-Marsan,44.0,-0.6667,46.78,88,0,4.61,FR,2022-12-05 22:26:16
176,Avarua,-21.2078,-159.775,77.05,83,75,8.05,CK,2022-12-05 22:26:17
177,Ibra,22.6906,58.5334,65.23,66,0,2.84,OM,2022-12-05 22:26:17
178,Zhigalovo,54.8097,105.1578,11.61,87,100,13.62,RU,2022-12-05 22:26:17
179,Maceio,-9.6658,-35.7353,74.64,94,75,10.36,BR,2022-12-05 22:23:44
180,Klaksvik,62.2266,-6.589,38.32,65,80,26.22,FO,2022-12-05 22:26:18
181,Leningradskiy,69.3833,178.4167,-17.14,93,5,4.25,RU,2022-12-05 22:26:18
182,Labytnangi,66.6572,66.4183,3.72,93,25,4.72,RU,2022-12-05 22:27:19
183,Havre-Saint-Pierre,50.2334,-63.5986,33.8,74,75,14.97,CA,2022-12-05 22:27:19
184,Norman Wells,65.282,-126.8329,-20.16,76,75,10.36,CA,2022-12-05 22:25:52
185,Muscatine,41.4667,-91.1335,45.09,55,0,4.61,US,2022-12-05 22:27:20
186,Mezhdurechenskiy,59.6,65.9333,-0.87,98,96,3.62,RU,2022-12-05 22:27:20
187,Port Elizabeth,-33.918,25.5701,61.09,90,0,14.97,ZA,2022-12-05 22:27:21
188,Aklavik,68.2191,-135.0107,-13.77,83,100,21.68,CA,2022-12-05 22:27:21
189,College,64.8569,-147.8028,19.9,88,75,0.0,US,2022-12-05 22:26:46
190,Denpasar,-8.65,115.2167,78.46,94,40,1.14,ID,2022-12-05 22:23:49
191,Airai,-8.9266,125.4092,60.19,70,86,1.52,TL,2022-12-05 22:27:22
192,Brae,60.3964,-1.353,42.49,67,100,21.43,GB,2022-12-05 22:27:23
193,Fryazino,55.9606,38.0456,14.29,83,100,7.49,RU,2022-12-05 22:25:17
194,Puro,12.4841,123.3827,77.61,83,49,8.32,PH,2022-12-05 22:27:23
195,Lorengau,-2.0226,147.2712,80.13,82,100,4.03,PG,2022-12-05 22:23:37
196,Munhall,40.3923,-79.9,50.52,39,0,5.75,US,2022-12-05 22:27:24
197,Ostrovnoy,68.0531,39.5131,21.11,87,34,23.0,RU,2022-12-05 22:27:24
198,Egvekinot,66.3167,-179.1667,8.6,82,100,14.36,RU,2022-12-05 22:27:24
199,Hambantota,6.1241,81.1185,76.46,84,100,5.01,LK,2022-12-05 22:27:25
200,Longyearbyen,78.2186,15.6401,6.64,66,75,23.02,SJ,2022-12-05 22:23:58
201,Kalabagh,32.965,71.557,60.67,37,88,1.63,PK,2022-12-05 22:27:25
202,Saint-Pierre,-21.3393,55.4781,73.08,68,0,4.61,RE,2022-12-05 22:23:04
203,Luderitz,-26.6481,15.1594,60.75,69,3,19.77,NA,2022-12-05 22:27:26
204,Faanui,-16.4833,-151.75,79.47,77,76,17.85,PF,2022-12-05 22:27:26
205,Chuy,-33.6971,-53.4616,69.69,79,0,8.3,UY,2022-12-05 22:27:26
206,Vaitape,-16.5167,-151.75,79.48,77,76,17.81,PF,2022-12-05 22:27:27
207,Hays,30.0502,-98.0336,73.9,77,99,4.0,US,2022-12-05 22:27:27
208,Lasa,46.6166,10.7002,34.68,94,72,6.06,IT,2022-12-05 22:27:27
209,Ponta Do Sol,32.6667,-17.1,66.83,77,100,1.57,PT,2022-12-05 22:22:52
210,Upernavik,72.7868,-56.1549,26.58,82,29,10.63,GL,2022-12-05 22:23:52
211,Darhan,49.4867,105.9228,-6.97,88,9,6.44,MN,2022-12-05 22:27:28
212,Nioro,13.35,-15.75,73.92,61,41,4.43,GM,2022-12-05 22:27:28
213,Bella Union,-30.2752,-57.6007,91.42,23,0,11.77,UY,2022-12-05 22:27:29
214,Astoria,46.1879,-123.8313,48.85,76,75,4.61,US,2022-12-05 22:27:29
215,Pisco,-13.7,-76.2167,71.65,68,0,8.05,PE,2022-12-05 22:25:25
216,Rawson,-43.3002,-65.1023,88.09,15,0,24.16,AR,2022-12-05 22:27:30
217,Lazaro Cardenas,17.9583,-102.2,82.8,70,0,6.67,MX,2022-12-05 22:27:30
218,Bongandanga,1.5,21.05,67.41,97,100,6.24,CD,2022-12-05 22:23:32
219,Nouakchott,18.0858,-15.9785,71.53,63,32,7.49,MR,2022-12-05 22:27:31
220,Nador,35.174,-2.9287,61.05,94,0,3.44,MA,2022-12-05 22:27:31
221,Tupancireta,-29.0806,-53.8358,76.71,61,42,12.57,BR,2022-12-05 22:27:31
222,Udachnyy,66.4167,112.4,-13.56,75,100,10.47,RU,2022-12-05 22:27:32
223,Yar-Sale,66.8333,70.8333,-0.92,99,14,5.53,RU,2022-12-05 22:27:32
224,Bermeo,43.4209,-2.7215,53.49,77,100,7.7,ES,2022-12-05 22:27:32
225,Ribeira Grande,38.5167,-28.7,62.78,82,100,21.99,PT,2022-12-05 22:27:33
226,Camacha,33.0833,-16.3333,58.42,82,20,1.14,PT,2022-12-05 22:27:33
227,Alta,69.9689,23.2717,29.46,86,100,3.44,NO,2022-12-05 22:28:33
228,Syracuse,37.0881,15.2792,54.99,62,40,4.07,IT,2022-12-05 22:28:34
229,Vila Franca Do Campo,37.7167,-25.4333,63.19,81,67,12.75,PT,2022-12-05 22:28:34
230,Alofi,-19.0595,-169.9187,82.29,78,75,10.36,NU,2022-12-05 22:28:35
231,Douglas,41.3,-96.167,40.59,59,40,14.97,US,2022-12-05 22:28:35
232,Chiang Kham,19.5233,100.3,66.76,95,91,1.81,TH,2022-12-05 22:28:35
233,Sorong,-0.8833,131.25,78.91,84,100,6.11,ID,2022-12-05 22:28:36
234,Omboue,-1.5746,9.2618,78.03,90,86,5.57,GA,2022-12-05 22:28:37
235,Waitati,-45.75,170.5667,49.8,88,100,6.89,NZ,2022-12-05 22:28:37
236,Iqaluit,63.7506,-68.5145,10.13,79,100,3.44,CA,2022-12-05 22:28:38
237,Poum,-20.2333,164.0167,79.45,85,100,13.78,NC,2022-12-05 22:28:38
238,Arraial Do Cabo,-22.9661,-42.0278,74.43,86,100,21.32,BR,2022-12-05 22:28:38
239,Moerai,-22.4333,-151.3333,77.22,79,99,10.85,PF,2022-12-05 22:28:39
240,Ancud,-41.8697,-73.8203,56.57,97,95,12.37,CL,2022-12-05 22:28:39
241,Coahuayana,18.7333,-103.6833,85.46,64,2,5.86,MX,2022-12-05 22:25:42
242,San Antero,9.3741,-75.7589,79.16,83,99,5.64,CO,2022-12-05 22:28:40
243,Asau,46.4333,26.4,29.32,99,100,3.02,RO,2022-12-05 22:28:40
244,San Angelo,31.4638,-100.437,75.42,57,0,12.66,US,2022-12-05 22:28:40
245,Samokov,42.3333,23.55,36.1,92,80,4.05,BG,2022-12-05 22:28:41
246,Waingapu,-9.6567,120.2641,77.88,82,100,2.04,ID,2022-12-05 22:28:41
247,Ulladulla,-35.35,150.4667,64.02,68,43,9.24,AU,2022-12-05 22:25:22
248,Davila,18.4726,120.5763,78.78,83,81,24.47,PH,2022-12-05 22:28:42
249,Itarema,-2.9248,-39.9167,79.65,78,16,18.19,BR,2022-12-05 22:28:42
250,Ede,52.0333,5.6583,42.75,95,100,5.75,NL,2022-12-05 22:28:42
251,Maracaju,-21.6144,-55.1683,78.33,75,60,7.16,BR,2022-12-05 22:28:43
252,San Patricio,28.017,-97.5169,80.69,64,75,13.53,US,2022-12-05 22:28:43
253,Gari,59.4307,62.3497,1.04,98,85,6.02,RU,2022-12-05 22:28:43
254,Kenai,60.5544,-151.2583,27.14,95,100,8.05,US,2022-12-05 22:28:44
255,Lagoa,39.05,-27.9833,61.59,69,100,15.35,PT,2022-12-05 22:28:44
256,Bam,29.106,58.357,50.13,46,13,1.66,IR,2022-12-05 22:28:45
257,Ushumun,52.7833,126.5333,-10.93,100,96,3.09,RU,2022-12-05 22:28:45
258,Umm Lajj,25.0213,37.2685,74.66,67,0,7.83,SA,2022-12-05 22:28:45
259,Portland,45.5234,-122.6762,47.21,76,20,3.44,US,2022-12-05 22:28:46
260,Broome,42.2506,-75.833,40.01,58,0,8.05,US,2022-12-05 22:28:46
261,Aksu,41.1231,80.2644,23.36,34,87,3.22,CN,2022-12-05 22:24:55
262,New Milford,40.9327,-74.0179,45.97,53,0,5.75,US,2022-12-05 22:28:47
263,Opuwo,-18.0607,13.84,71.74,35,19,6.82,NA,2022-12-05 22:28:47
264,Hirara,24.8,125.2833,67.86,88,75,33.38,JP,2022-12-05 22:28:47
265,Jiexiu,37.0244,111.9125,31.77,39,28,3.53,CN,2022-12-05 22:28:48
266,Elizabeth City,36.2946,-76.2511,52.02,83,0,5.75,US,2022-12-05 22:28:48
267,San Quintin,30.4833,-115.95,64.4,68,0,19.33,MX,2022-12-05 22:28:49
268,Cairns,-16.9167,145.7667,80.55,69,4,3.44,AU,2022-12-05 22:25:26
269,Nahrin,36.0649,69.1334,32.32,87,100,2.13,AF,2022-12-05 22:28:49
270,Olafsvik,64.8945,-23.7142,39.49,77,17,3.15,IS,2022-12-05 22:28:49
271,Byron Bay,-28.65,153.6167,83.71,54,1,4.25,AU,2022-12-05 22:28:50
272,Fort Nelson,58.8053,-122.7002,-4.05,56,20,4.61,CA,2022-12-05 22:28:50
273,Hofn,64.2539,-15.2082,36.54,65,29,8.1,IS,2022-12-05 22:28:51
274,Santa Isabel Do Rio Negro,-0.4139,-65.0192,79.86,79,99,2.93,BR,2022-12-05 22:28:51
275,Rio Gallegos,-51.6226,-69.2181,55.45,21,75,24.16,AR,2022-12-05 22:29:52
276,Lakes Entrance,-37.8811,147.981,57.16,81,99,9.62,AU,2022-12-05 22:29:53
277,Langtad,10.1857,123.7344,76.84,88,23,7.2,PH,2022-12-05 22:29:53
278,Summerville,33.0185,-80.1757,56.98,96,100,6.91,US,2022-12-05 22:29:53
279,Ballina,-28.8667,153.5667,83.79,61,0,5.95,AU,2022-12-05 22:29:54
280,Bitung,1.4451,125.1824,76.05,82,100,3.91,ID,2022-12-05 22:29:54
281,Richards Bay,-28.783,32.0377,69.37,79,100,15.17,ZA,2022-12-05 22:29:54
282,Bambous Virieux,-20.3428,57.7575,75.45,88,75,10.36,MU,2022-12-05 22:29:55
283,Callaguip,18.0714,120.4867,78.82,78,20,14.97,PH,2022-12-05 22:29:55
284,Victoria,22.2855,114.1577,61.25,78,74,11.99,HK,2022-12-05 22:27:47
285,Belfast,54.5833,-5.9333,43.38,75,100,9.22,GB,2022-12-05 22:29:56
286,Namibe,-15.1961,12.1522,70.16,79,30,4.72,AO,2022-12-05 22:29:56
287,Teya,60.3778,92.6267,-1.53,98,100,5.37,RU,2022-12-05 22:29:57
288,Bilma,18.6853,12.9164,73.67,19,6,5.48,NE,2022-12-05 22:24:58
289,Acarau,-2.8856,-40.12,79.81,78,8,19.64,BR,2022-12-05 22:29:57
290,Mae Ramat,16.984,98.5166,72.81,93,95,1.79,TH,2022-12-05 22:29:58
291,Kemijarvi,66.7131,27.4306,31.62,97,100,12.12,FI,2022-12-05 22:29:58
292,Russkiy Aktash,55.0384,52.1214,-2.22,100,56,0.29,RU,2022-12-05 22:29:58
293,Luanda,-8.8368,13.2343,80.6,78,20,8.05,AO,2022-12-05 22:29:59
294,Oyama,36.3,139.8,43.59,90,100,5.5,JP,2022-12-05 22:29:59
295,Mahibadhoo,3.7833,72.9667,79.79,76,96,5.48,MV,2022-12-05 22:30:00
296,Takoradi,4.8845,-1.7554,79.7,85,59,7.18,GH,2022-12-05 22:30:00
297,Mutoko,-17.397,32.2268,70.68,54,3,3.18,ZW,2022-12-05 22:30:01
298,Tromso,69.6496,18.957,35.62,87,75,8.05,NO,2022-12-05 22:30:01
299,Comodoro Rivadavia,-45.8667,-67.5,73.26,27,75,28.77,AR,2022-12-05 22:30:02
300,Camana,-16.6228,-72.7111,68.52,79,90,4.14,PE,2022-12-05 22:30:02
301,Boa Vista,2.8197,-60.6733,82.38,69,20,8.05,BR,2022-12-05 22:26:34
302,Praia Da Vitoria,38.7333,-27.0667,60.76,88,20,12.15,PT,2022-12-05 22:30:03
303,Madang,-5.2246,145.7966,79.05,82,100,2.48,PG,2022-12-05 22:30:04
304,Mount Gambier,-37.8333,140.7667,59.61,54,28,7.78,AU,2022-12-05 22:30:04
305,Petropavlovsk-Kamchatskiy,53.0452,158.6483,5.59,66,75,2.24,RU,2022-12-05 22:29:10
306,Abay,49.6311,72.8539,-23.42,96,23,4.14,KZ,2022-12-05 22:30:05
307,Ha Tinh,18.3333,105.9,61.57,82,98,6.08,VN,2022-12-05 22:30:01
308,Atambua,-9.1061,124.8925,77.5,71,78,0.83,ID,2022-12-05 22:30:06
309,Waimana,-38.15,177.0833,70.43,48,95,7.27,NZ,2022-12-05 22:30:06
310,Parrita,9.5201,-84.3225,87.26,83,47,2.98,CR,2022-12-05 22:30:07
311,Maniitsoq,65.4167,-52.9,35.69,88,100,26.4,GL,2022-12-05 22:30:07
312,North Myrtle Beach,33.816,-78.68,58.01,82,100,1.01,US,2022-12-05 22:28:37
313,Polyarnyy,69.1989,33.4478,20.95,94,99,15.5,RU,2022-12-05 22:30:08
314,Cajaruro,-5.7364,-78.4256,86.41,48,69,5.61,PE,2022-12-05 22:30:08
315,Nunchia,5.6406,-72.1986,74.12,85,93,2.68,CO,2022-12-05 22:30:09
316,Jumla,29.2747,82.1838,38.44,19,0,5.17,NP,2022-12-05 22:30:09
317,Talnakh,69.4865,88.3972,25.21,96,100,11.03,RU,2022-12-05 22:30:10
318,Grindavik,63.8424,-22.4338,32.47,100,9,3.44,IS,2022-12-05 22:31:10
319,Tolga,34.7222,5.3785,52.61,37,100,2.51,DZ,2022-12-05 22:31:11
320,Bengkulu,-3.8004,102.2655,74.16,90,100,2.93,ID,2022-12-05 22:31:11
321,Kuminskiy,58.6667,66.5667,-5.76,99,96,3.22,RU,2022-12-05 22:31:12
322,Aksum,14.1245,38.7244,53.17,42,5,2.24,ET,2022-12-05 22:31:12
323,Chibombo,-14.6569,28.0706,68.81,68,69,7.92,ZM,2022-12-05 22:31:13
324,Haines Junction,60.7522,-137.5108,13.69,96,98,1.86,CA,2022-12-05 22:31:13
325,Labuhan,-6.8844,112.2051,79.27,83,100,4.27,ID,2022-12-05 22:31:14
326,Charters Towers,-20.1,146.2667,83.19,40,0,7.87,AU,2022-12-05 22:31:14
327,Walvis Bay,-22.9575,14.5053,58.15,72,0,4.61,NA,2022-12-05 22:31:15
328,Yulara,-25.2406,130.9889,92.44,12,9,17.49,AU,2022-12-05 22:31:15
329,Pangnirtung,66.1451,-65.7125,23.0,86,100,10.36,CA,2022-12-05 22:31:16
330,Calvinia,-31.4707,19.776,53.6,68,100,5.59,ZA,2022-12-05 22:31:16
331,Road Town,18.4167,-64.6167,80.69,78,20,11.5,VG,2022-12-05 22:31:16
332,Farafangana,-22.8167,47.8333,74.12,89,77,7.14,MG,2022-12-05 22:31:17
333,Vuktyl,63.8567,57.3094,1.35,96,98,7.85,RU,2022-12-05 22:31:17
334,Laguna,38.421,-121.4238,61.05,66,75,8.05,US,2022-12-05 22:31:17
335,San Policarpo,12.1791,125.5072,80.42,78,99,8.59,PH,2022-12-05 22:31:18
336,Banyumas,-7.5142,109.2942,75.51,93,100,1.03,ID,2022-12-05 22:31:20
337,Vyazemskiy,47.5378,134.7525,2.17,85,30,7.47,RU,2022-12-05 22:31:20
338,Tambopata,-12.7333,-69.1833,73.29,68,75,9.22,PE,2022-12-05 22:31:20
339,Fort Frances,48.5999,-93.4003,7.02,57,0,10.36,CA,2022-12-05 22:29:46
340,Zhangye,38.9342,100.4517,18.36,76,95,0.81,CN,2022-12-05 22:31:21
341,Kawalu,-7.3817,108.2082,72.34,94,100,1.12,ID,2022-12-05 22:31:22
342,Shakiso,5.75,38.9167,58.75,62,83,4.0,ET,2022-12-05 22:31:22
343,Villa Carlos Paz,-31.4241,-64.4978,95.4,17,0,14.0,AR,2022-12-05 22:31:22
344,Tsiroanomandidy,-18.7667,46.0333,68.34,89,96,3.27,MG,2022-12-05 22:31:23
345,Storsteinnes,69.2408,19.2344,33.39,98,100,3.65,NO,2022-12-05 22:31:24
346,Mandalgovi,45.7625,106.2708,4.82,38,0,6.93,MN,2022-12-05 22:31:25
347,Nhulunbuy,-12.2333,136.7667,84.81,74,76,1.14,AU,2022-12-05 22:31:27
348,Muroto,33.2833,134.15,51.37,64,8,7.02,JP,2022-12-05 22:31:27
349,Marathon,44.9,-89.7668,31.66,62,100,6.91,US,2022-12-05 22:28:44
350,Mount Isa,-20.7333,139.5,85.77,37,0,10.36,AU,2022-12-05 22:31:28
351,Sulangan,11.1373,123.7228,80.53,77,44,12.84,PH,2022-12-05 22:31:28
352,Martapura,-3.4167,114.85,75.29,100,100,1.14,ID,2022-12-05 22:31:29
353,Tayu,-6.5397,111.0518,78.01,87,98,3.71,ID,2022-12-05 22:31:29
354,Desaguadero,-16.5656,-69.0417,52.43,54,33,16.51,PE,2022-12-05 22:31:29
355,Vinstra,61.5952,9.7523,23.59,90,100,5.99,NO,2022-12-05 22:31:30
356,Skjervoy,70.0311,20.9714,32.0,97,100,11.21,NO,2022-12-05 22:31:30
357,Thinadhoo,0.5333,72.9333,80.92,76,98,7.43,MV,2022-12-05 22:31:31
358,Severo-Kurilsk,50.6789,156.125,24.26,74,97,21.47,RU,2022-12-05 22:31:31
359,Dunedin,-45.8742,170.5036,49.8,88,100,10.0,NZ,2022-12-05 22:31:32
360,Fare,-16.7,-151.0167,79.5,76,5,16.26,PF,2022-12-05 22:31:32
361,Fairbanks,64.8378,-147.7164,19.92,88,75,0.0,US,2022-12-05 22:27:56
362,Leshukonskoye,64.8989,45.7622,14.09,94,100,8.59,RU,2022-12-05 22:31:32
363,Ucluelet,48.9329,-125.5528,40.08,87,100,2.95,CA,2022-12-05 22:31:33
364,San Andres,12.5847,-81.7006,82.42,74,20,13.8,CO,2022-12-05 22:31:33
365,Fukue,32.6881,128.8419,49.66,58,6,19.37,JP,2022-12-05 22:31:34
366,Kajaani,64.2273,27.7285,24.85,93,100,12.66,FI,2022-12-05 22:30:16
367,Katrineholm,58.9959,16.2072,30.09,93,98,4.03,SE,2022-12-05 22:32:34
368,Anda,46.4,125.3167,1.63,86,6,11.41,CN,2022-12-05 22:32:35
369,Alpena,45.0617,-83.4327,37.11,78,100,4.61,US,2022-12-05 22:32:35
370,Humboldt,40.6665,-123.9178,46.13,78,72,2.24,US,2022-12-05 22:32:35
371,Irbeyskoye,55.6428,95.4522,6.22,71,100,12.1,RU,2022-12-05 22:32:36
372,Rumuruti,0.267,36.5389,56.01,92,97,5.84,KE,2022-12-05 22:32:36
373,Adre,13.4667,22.2,67.6,23,5,17.67,TD,2022-12-05 22:32:37
374,Itamaraca,-7.7478,-34.8256,80.65,82,22,9.82,BR,2022-12-05 22:32:37
375,Teguise,29.0605,-13.564,61.02,88,20,6.91,ES,2022-12-05 22:32:37
376,Sterling,39.0062,-77.4286,45.9,57,40,5.99,US,2022-12-05 22:32:38
377,Little Current,45.9793,-81.9248,36.46,83,100,1.01,CA,2022-12-05 22:32:38
378,Sinazongwe,-17.2614,27.4618,81.39,42,4,5.41,ZM,2022-12-05 22:32:39
379,Gualaquiza,-3.4,-78.55,68.59,86,61,2.08,EC,2022-12-05 22:32:39
380,Coolum Beach,-26.5333,153.1,82.11,72,3,5.41,AU,2022-12-05 22:32:40
381,Visby,57.6409,18.296,33.06,100,100,3.44,SE,2022-12-05 22:32:40
382,Pesca,5.55,-73.05,51.04,94,99,2.26,CO,2022-12-05 22:32:41
383,Ibirite,-20.0219,-44.0589,71.11,92,100,5.21,BR,2022-12-05 22:32:41
384,Nuuk,64.1835,-51.7216,45.21,45,75,31.07,GL,2022-12-05 22:32:41
385,Chakradharpur,22.7,85.6333,57.02,42,0,3.83,IN,2022-12-05 22:32:42
386,Necochea,-38.5473,-58.7368,74.05,52,11,6.82,AR,2022-12-05 22:32:42
387,Namatanai,-3.6667,152.4333,82.35,73,98,3.33,PG,2022-12-05 22:32:42
388,Benguela,-12.5763,13.4055,79.02,78,100,5.73,AO,2022-12-05 22:32:43
389,Taoudenni,22.6783,-3.9836,80.13,16,12,5.41,ML,2022-12-05 22:32:43
390,Lake Saint Louis,38.7976,-90.7857,54.19,61,0,6.91,US,2022-12-05 22:32:44
391,Kisangani,0.5167,25.2,68.61,99,100,1.97,CD,2022-12-05 22:32:44
392,Kimamba,-6.7833,37.1333,69.42,78,100,3.4,TZ,2022-12-05 22:32:44
393,Beira,-19.8436,34.8389,78.89,94,20,6.91,MZ,2022-12-05 22:32:45
394,Souillac,-20.5167,57.5167,75.58,88,75,10.36,MU,2022-12-05 22:32:45
395,Faya,18.3851,42.4509,53.71,80,3,3.02,SA,2022-12-05 22:32:45
396,Rafsanjan,30.4067,55.9939,44.51,67,45,2.89,IR,2022-12-05 22:32:46
397,Bilibino,68.0546,166.4372,-8.25,71,100,6.4,RU,2022-12-05 22:32:25
398,Ilhabela,-23.7781,-45.3581,73.13,95,100,9.28,BR,2022-12-05 22:32:46
399,Pasni,25.2631,63.471,73.89,41,0,10.49,PK,2022-12-05 22:32:46
400,Lukiv,51.0521,25.4006,28.44,90,57,11.72,UA,2022-12-05 22:32:47
401,Matipo,-20.2839,-42.3411,66.22,86,100,3.53,BR,2022-12-05 22:32:47
402,Puerto Baquerizo Moreno,-0.9,-89.6,69.62,79,60,11.03,EC,2022-12-05 22:32:48
403,Ust-Omchug,61.15,149.6333,-45.56,100,66,1.23,RU,2022-12-05 22:32:48
404,Kosh-Agach,50.0,88.6667,-11.85,93,14,3.31,RU,2022-12-05 22:32:48
405,Urumqi,43.801,87.6005,9.55,79,0,4.47,CN,2022-12-05 22:32:01
406,Baracoa,20.3467,-74.4958,75.72,67,19,12.17,CU,2022-12-05 22:32:49
407,Lewiston,44.1003,-70.2148,44.42,78,62,1.01,US,2022-12-05 22:32:50
408,Karratha,-20.7377,116.8463,83.43,38,6,13.58,AU,2022-12-05 22:31:40
409,Lira,2.235,32.9097,65.97,69,95,3.09,UG,2022-12-05 22:33:50
410,Te Anau,-45.4167,167.7167,47.84,96,100,3.58,NZ,2022-12-05 22:33:51
411,Poso,-1.3959,120.7524,78.13,83,100,3.4,ID,2022-12-05 22:33:51
412,Bathsheba,13.2167,-59.5167,77.61,87,40,5.75,BB,2022-12-05 22:33:51
413,Mitchell,43.7094,-98.0298,27.73,70,100,12.66,US,2022-12-05 22:33:52
414,Bakchar,57.0186,82.0711,-4.05,98,97,3.94,RU,2022-12-05 22:33:52
415,Poltavka,54.3663,71.7632,-6.07,98,71,1.34,RU,2022-12-05 22:33:52
416,Abomsa,9.9833,39.9833,63.5,38,46,4.03,ET,2022-12-05 22:33:53
417,Touros,-5.1989,-35.4608,79.25,76,15,12.77,BR,2022-12-05 22:33:53
418,Salihli,38.4826,28.1477,46.78,87,3,2.06,TR,2022-12-05 22:33:53
419,Port Victoria,0.0939,33.9756,70.07,75,100,3.6,KE,2022-12-05 22:33:54
420,Tateyama,34.9833,139.8667,44.53,93,75,13.8,JP,2022-12-05 22:33:54
421,Shelabolikha,53.4131,82.6167,1.33,96,82,2.77,RU,2022-12-05 22:33:55
422,Novaya Igirma,57.1334,103.9112,8.08,87,100,13.56,RU,2022-12-05 22:33:55
423,Salisbury,51.0693,-1.7957,44.02,86,100,10.36,GB,2022-12-05 22:30:37
424,Tanda,26.55,82.65,55.22,48,0,6.55,IN,2022-12-05 22:33:56
425,Chebarkul,54.9749,60.3633,-8.66,100,89,1.97,RU,2022-12-05 22:33:56
426,Najran,17.4924,44.1277,57.85,38,0,3.36,SA,2022-12-05 22:33:56
427,Mangit,40.5971,70.9607,31.59,85,94,4.61,UZ,2022-12-05 22:33:57
428,Santa Vitoria Do Palmar,-33.5189,-53.3681,66.25,91,0,7.29,BR,2022-12-05 22:32:14
429,Aitape,-3.1374,142.3475,76.28,92,100,9.04,PG,2022-12-05 22:33:58
430,Puerto Ayacucho,5.6639,-67.6236,80.13,72,70,7.47,VE,2022-12-05 22:33:58
431,Sao Joao Da Barra,-21.6403,-41.0511,77.09,85,91,20.87,BR,2022-12-05 22:33:59
432,Nicoya,10.1483,-85.452,76.86,83,51,3.2,CR,2022-12-05 22:33:59
433,Saldanha,-33.0117,17.9442,59.05,79,71,13.29,ZA,2022-12-05 22:34:00
434,Svetlaya,46.5389,138.3297,10.31,72,1,9.48,RU,2022-12-05 22:34:00
435,Khandyga,62.6667,135.6,-21.71,100,100,1.5,RU,2022-12-05 22:34:00
436,Cayenne,4.9333,-52.3333,77.04,94,81,3.44,GF,2022-12-05 22:34:01
437,Sao Felix Do Xingu,-6.6447,-51.995,71.29,98,69,0.85,BR,2022-12-05 22:34:01
438,Ventspils,57.3894,21.5606,24.73,100,100,3.44,LV,2022-12-05 22:34:01
439,Bonthe,7.5264,-12.505,78.78,84,63,3.31,SL,2022-12-05 22:34:02
440,Gbarnga,6.9956,-9.4722,73.76,93,100,1.97,LR,2022-12-05 22:34:02
441,Sao Jose Da Coroa Grande,-8.8978,-35.1478,76.46,86,21,11.86,BR,2022-12-05 22:34:03
442,Svetlogorsk,52.6333,29.7333,15.37,89,86,10.0,BY,2022-12-05 22:34:03
443,Bubaque,11.2833,-15.8333,80.94,69,71,6.42,GW,2022-12-05 22:34:04
444,Tungi,23.89,90.4058,69.8,78,0,3.44,BD,2022-12-05 22:34:04
445,Sioux Lookout,50.1001,-91.917,-3.93,71,20,10.36,CA,2022-12-05 22:34:04
446,Stornoway,58.2093,-6.3865,42.76,80,100,10.36,GB,2022-12-05 22:34:05
447,Jarocin,51.9727,17.5026,39.18,86,100,5.06,PL,2022-12-05 22:34:05
448,Kerema,-7.9631,145.7785,82.62,69,80,2.19,PG,2022-12-05 22:34:06
449,Goya,-29.14,-59.2626,88.66,25,0,7.14,AR,2022-12-05 22:31:02
450,Morros,-9.4467,-46.3003,76.73,66,100,4.5,BR,2022-12-05 22:34:06
451,Tecpan,14.7623,-90.9947,61.61,80,28,4.74,GT,2022-12-05 22:34:07
452,Sorland,67.667,12.6934,39.06,81,100,38.63,NO,2022-12-05 22:34:07
453,Vila,42.0304,-8.1588,41.88,90,97,3.27,PT,2022-12-05 22:34:08
454,Kununurra,-15.7667,128.7333,82.38,89,57,6.91,AU,2022-12-05 22:34:08
455,Zambezi,-13.5432,23.1047,62.56,93,38,5.08,ZM,2022-12-05 22:35:09
456,Pasighat,28.0667,95.3333,59.07,46,28,3.44,IN,2022-12-05 22:35:09
457,Buraydah,26.326,43.975,59.45,74,100,11.03,SA,2022-12-05 22:35:10
458,Yatou,37.15,122.3833,30.74,57,2,9.1,CN,2022-12-05 22:35:10
459,Capao Bonito,-24.0058,-48.3494,66.49,98,100,0.76,BR,2022-12-05 22:35:11
460,Nome,64.5011,-165.4064,30.27,86,75,18.41,US,2022-12-05 22:35:11
461,Cumra,37.5732,32.7745,41.14,71,79,1.19,TR,2022-12-05 22:35:11
462,Mustafakemalpasa,40.0353,28.4117,53.65,92,89,1.48,TR,2022-12-05 22:35:12
463,Porteirinha,-15.7433,-43.0283,72.19,74,94,3.36,BR,2022-12-05 22:35:12
464,Tuatapere,-46.1333,167.6833,51.39,71,89,5.88,NZ,2022-12-05 22:35:12
465,Dalbandin,28.8947,64.4101,51.8,34,0,7.4,PK,2022-12-05 22:35:13
466,Bombay,19.0144,72.8479,80.58,78,51,0.0,IN,2022-12-05 22:34:50
467,Santiago De Cao,-7.9589,-79.2392,71.73,78,6,12.66,PE,2022-12-05 22:35:13
468,Hurghada,27.2574,33.8129,66.24,55,0,9.22,EG,2022-12-05 22:35:14
469,Kumba,4.6363,9.4469,74.52,90,52,1.54,CM,2022-12-05 22:35:14
470,Alamosa,37.4695,-105.87,49.98,32,20,19.57,US,2022-12-05 22:35:15
471,Constantine,36.365,6.6147,53.01,54,0,4.61,DZ,2022-12-05 22:32:40
472,Visavadar,21.3833,70.6833,65.17,36,0,7.14,IN,2022-12-05 22:35:15
473,Lata,40.1629,-8.3327,54.07,92,100,2.95,PT,2022-12-05 22:35:16
474,Krasnaya Gora,52.9995,31.6023,14.2,88,99,8.63,RU,2022-12-05 22:35:16
475,Great Bend,38.3645,-98.7648,50.61,34,0,17.27,US,2022-12-05 22:35:16
476,Ikongo,-21.8833,47.4333,68.47,97,94,1.9,MG,2022-12-05 22:35:17
477,Gairo,39.8497,9.5047,51.01,57,99,3.38,IT,2022-12-05 22:35:17
478,Rengasdengklok,-6.1592,107.2981,78.73,82,99,3.87,ID,2022-12-05 22:35:17
479,Tomatlan,19.9333,-105.25,82.33,65,8,6.06,MX,2022-12-05 22:35:18
480,Honningsvag,70.9821,25.9704,38.95,75,40,10.36,NO,2022-12-05 22:35:18
481,Christchurch,-43.5333,172.6333,71.8,44,30,9.22,NZ,2022-12-05 22:35:19
482,Abu Dhabi,24.4667,54.3667,75.22,82,0,2.3,AE,2022-12-05 22:31:04
483,Kamaishi,39.2667,141.8833,40.01,69,97,2.46,JP,2022-12-05 22:35:19
484,Tessalit,20.1986,1.0114,76.82,15,90,9.78,ML,2022-12-05 22:35:20
485,Gubkinskiy,64.434,76.5026,5.59,95,69,11.48,RU,2022-12-05 22:35:20
486,Berbera,10.4396,45.0143,74.52,74,5,5.3,SO,2022-12-05 22:35:20
487,Marsh Harbour,26.5412,-77.0636,74.64,72,32,10.31,BS,2022-12-05 22:35:21
488,Vardo,70.3705,31.1107,26.58,86,100,5.75,NO,2022-12-05 22:35:21
489,Gidole,5.65,37.3667,62.6,47,99,3.94,ET,2022-12-05 22:35:22
490,Yarensk,62.1675,49.0916,12.7,84,100,5.68,RU,2022-12-05 22:35:22
491,Chimbote,-9.0853,-78.5783,67.96,79,9,8.7,PE,2022-12-05 22:35:23
492,Manokwari,-0.8667,134.0833,80.83,75,100,5.1,ID,2022-12-05 22:35:23
493,Hualmay,-11.0964,-77.6139,67.87,81,11,8.99,PE,2022-12-05 22:35:23
494,Sabya,17.1495,42.6254,78.42,69,0,3.11,SA,2022-12-05 22:35:24
495,Mantua,45.1667,10.7833,47.35,92,63,3.0,IT,2022-12-05 22:35:24
496,Vao,-22.6667,167.4833,77.65,88,100,11.88,NC,2022-12-05 22:35:25
497,Agde,43.3108,3.4758,37.26,93,0,3.44,FR,2022-12-05 22:35:25
498,Hue,16.4667,107.6,66.31,100,75,10.36,VN,2022-12-05 22:35:09
499,Coihaique,-45.5752,-72.0662,57.15,54,75,6.91,CL,2022-12-05 22:35:25
500,Khartoum,15.5518,32.5324,77.02,27,1,1.99,SD,2022-12-05 22:35:15
501,Abu Samrah,35.3029,37.1841,52.97,72,2,2.86,SY,2022-12-05 22:35:26
502,Hobyo,5.3505,48.5268,80.01,77,100,16.87,SO,2022-12-05 22:36:27
503,Labrea,-7.2586,-64.7981,71.01,99,100,4.07,BR,2022-12-05 22:36:27
504,Koslan,63.4564,48.8989,14.68,94,100,7.2,RU,2022-12-05 22:36:27
505,Sharan,54.8167,54.0,-9.17,100,100,0.29,RU,2022-12-05 22:36:28
506,Ngunguru,-35.6167,174.5,64.09,76,100,8.32,NZ,2022-12-05 22:36:28
507,Naze,28.3667,129.4833,59.92,69,97,18.99,JP,2022-12-05 22:36:28
508,Ibotirama,-12.1853,-43.2206,70.83,90,93,3.2,BR,2022-12-05 22:32:19
509,Baruun-Urt,46.6806,113.2792,4.78,69,5,15.77,MN,2022-12-05 22:36:29
510,Concepcion,-36.827,-73.0498,66.0,63,0,14.97,CL,2022-12-05 22:36:30
511,Abdanan,32.9926,47.4198,49.73,66,26,1.48,IR,2022-12-05 22:36:31
512,Okha,53.5739,142.9478,0.66,91,69,12.3,RU,2022-12-05 22:32:09
513,Hovd,48.0056,91.6419,1.44,80,6,3.6,MN,2022-12-05 22:36:31
514,Bereda,43.2686,-7.5406,47.41,100,100,1.25,ES,2022-12-05 22:36:32
515,Mitsamiouli,-11.3847,43.2844,79.43,82,39,11.45,KM,2022-12-05 22:36:32
516,Yangambi,0.8102,24.4336,69.15,99,98,1.97,CD,2022-12-05 22:36:32
517,High Level,58.5169,-117.136,-12.89,64,0,6.91,CA,2022-12-05 22:34:31
518,Oussouye,12.485,-16.5469,77.09,59,40,6.6,SN,2022-12-05 22:36:33
519,Nizhniy Ingash,56.2,96.53,5.4,80,100,13.31,RU,2022-12-05 22:36:34
520,Bomet,-0.7813,35.3416,54.73,84,100,2.8,KE,2022-12-05 22:36:34
521,Beringovskiy,63.05,179.3167,28.26,85,100,23.76,RU,2022-12-05 22:36:35
522,Matay,28.419,30.7792,58.89,72,0,10.47,EG,2022-12-05 22:36:35
523,Los Rastrojos,10.0259,-69.2417,71.44,69,94,4.16,VE,2022-12-05 22:36:35
524,Koutiala,12.3917,-5.4642,81.55,24,88,6.91,ML,2022-12-05 22:36:36
525,Lompoc,34.6391,-120.4579,64.69,64,0,12.66,US,2022-12-05 22:36:36
526,Myitkyina,25.3833,97.4,55.92,68,0,2.62,MM,2022-12-05 22:36:37
527,Berlevag,70.8578,29.0864,37.4,86,75,20.71,NO,2022-12-05 22:36:37
528,Beipiao,41.7919,120.7792,13.59,38,0,5.19,CN,2022-12-05 22:36:38
529,Kloulklubed,7.0419,134.2556,77.5,76,80,11.61,PW,2022-12-05 22:33:52
530,Mgandu,-5.95,34.1333,64.92,47,100,3.13,TZ,2022-12-05 22:36:38
531,Sarkand,45.41,79.9186,17.64,95,100,0.27,KZ,2022-12-05 22:36:39
532,Goderich,43.7501,-81.7165,39.52,48,100,9.22,CA,2022-12-05 22:36:39
533,Iquitos,-3.7481,-73.2472,84.24,65,40,5.75,PE,2022-12-05 22:36:39
534,Marystown,47.1666,-55.1483,35.91,85,38,7.7,CA,2022-12-05 22:36:40
535,Ballangen,68.3428,16.8315,35.82,93,100,28.77,NO,2022-12-05 22:36:40
536,Anlu,31.1661,112.5831,37.58,80,54,2.44,CN,2022-12-05 22:36:41
